<?xml version="1.0" encoding="UTF-8"?>
<metadata xml:lang="en"><Esri><CreaDate>20210216</CreaDate><CreaTime>16192400</CreaTime><ArcGISFormat>1.0</ArcGISFormat><SyncOnce>FALSE</SyncOnce><DataProperties><itemProps><itemLocation><linkage Sync="TRUE">file://\\DESKTOP-JNE5UPO\D$\Libraries\Documents\ArcGIS\Default.gdb</linkage><protocol Sync="TRUE">Local Area Network</protocol></itemLocation><itemName Sync="TRUE">CDO_Zone_sitios_pop2020_wgs_1</itemName><imsContentType Sync="TRUE">002</imsContentType><itemSize Sync="TRUE">0.000</itemSize></itemProps><copyHistory><copy source="D:\NRCP GIS-DSS TRAINING\Project Data\Shapefiles wgs84\CDO_Zone_sitios_PSGC_Pop20_wgs" dest="\\DESKTOP-3MHVO3L\D$\NRCP GIS-DSS TRAINING\Project Data\Shapefiles wgs84\CDO_Zone_sitios_PSGC_Pop20_wgsCopy" date="20201218" time="13080000"></copy></copyHistory><lineage><Process ToolSource="c:\program files (x86)\arcgis\desktop10.3\ArcToolbox\Toolboxes\Data Management Tools.tbx\Merge" Date="20181214" Time="143909">Merge Tignapoloan_Sitio;Tuburan_Sitio;Tumpagon_Sitio;1-40_barbound_lidar;Balulang_Sitio;Camaman-an_Sitio;Macasandig_district;Tagpangi_Sitio;Taglimao_Sitio;Tablon_zone;San_Simon_zone;Puntod_district;Puerto_purok;pigsag-an_zone;patag_zone;Pagatpat_zone;Pagalungan_Sitio;Nazareth_zone;Mambuaya_Sitio;Macabalan_sitio;Lumbia_Sitio;Lapasan_Sitio;Kauswagan_zone;Iponan__Zones;Indahag_Sitio;Gusa_Sitio;F.S._Catanico_zone;Dansolihon_Sitio;Cugman_zone;Consolacion_district;Carmen_zone;Canitoan_district;Camaman-an_Sitio;Bulua_zone;Bugo_zone;Bonbon_zone;Bisigan_Sitio;Bayanga_Sitio;Bayabas_zone;Balubal_Sitio;Baikingon_zone;Agusan_Sitio "E:\Magic D\DATAFILES\CDO_LIDAR\shipfiles\Barangay Zone_District\cdo_setios_merge.shp" "ZONE_SITIO "ZONE_SITIO" true true false 60 Text 0 0 ,First,#,Tignapoloan_Sitio,ZONE_SITIO,-1,-1,Tuburan_Sitio,ZONE_SITIO,-1,-1,Tumpagon_Sitio,ZONE_SITIO,-1,-1,Camaman-an_Sitio,ZONE_SITIO,-1,-1,Macasandig_district,ZONE_SITIO,-1,-1,Tagpangi_Sitio,ZONE_SITIO,-1,-1,Taglimao_Sitio,ZONE_SITIO,-1,-1,Tablon_zone,ZONE_SITIO,-1,-1,San_Simon_zone,ZONE_SITIO,-1,-1,Puntod_district,ZONE_SITIO,-1,-1,Puerto_purok,ZONE_SITIO,-1,-1,Pagatpat_zone,ZONE_SITIO,-1,-1,Pagalungan_Sitio,ZONE_SITIO,-1,-1,Nazareth_zone,ZONE_SITIO,-1,-1,Mambuaya_Sitio,ZONE_SITIO,-1,-1,Lumbia_Sitio,ZONE_SITIO,-1,-1,Lapasan_Sitio,ZONE_SITIO,-1,-1,Kauswagan_zone,ZONE_SITIO,-1,-1,Iponan__Zones,ZONE_SITIO,-1,-1,Indahag_Sitio,ZONE_SITIO,-1,-1,Gusa_Sitio,ZONE_SITIO,-1,-1,F.S._Catanico_zone,ZONE_SITIO,-1,-1,Dansolihon_Sitio,ZONE_SITIO,-1,-1,Cugman_zone,ZONE_SITIO,-1,-1,Consolacion_district,ZONE_SITIO,-1,-1,Carmen_zone,ZONE_SITIO,-1,-1,Canitoan_district,ZONE_SITIO,-1,-1,Camaman-an_Sitio,ZONE_SITIO,-1,-1,Bulua_zone,ZONE_SITIO,-1,-1,Bugo_zone,ZONE_SITIO,-1,-1,Bonbon_zone,ZONE_SITIO,-1,-1,Bisigan_Sitio,ZONE_SITIO,-1,-1,Bayanga_Sitio,ZONE_SITIO,-1,-1,Bayabas_zone,ZONE_SITIO,-1,-1,Baikingon_zone,ZONE_SITIO,-1,-1;BARANGAY "BARANGAY" true true false 30 Text 0 0 ,First,#,Tignapoloan_Sitio,BARANGAY,-1,-1,Tuburan_Sitio,BARANGAY,-1,-1,Tumpagon_Sitio,BARANGAY,-1,-1,1-40_barbound_lidar,BARANGAY,-1,-1,Balulang_Sitio,BARANGAY,-1,-1,Camaman-an_Sitio,BARANGAY,-1,-1,Macasandig_district,BARANGAY,-1,-1,Tagpangi_Sitio,BARANGAY,-1,-1,Taglimao_Sitio,BARANGAY,-1,-1,Tablon_zone,BARANGAY,-1,-1,San_Simon_zone,BARANGAY,-1,-1,Puntod_district,BARANGAY,-1,-1,Puerto_purok,BARANGAY,-1,-1,pigsag-an_zone,BARANGAY,-1,-1,patag_zone,BARANGAY,-1,-1,Pagatpat_zone,BARANGAY,-1,-1,Pagalungan_Sitio,BARANGAY,-1,-1,Nazareth_zone,BARANGAY,-1,-1,Mambuaya_Sitio,BARANGAY,-1,-1,Lumbia_Sitio,BARANGAY,-1,-1,Lapasan_Sitio,BARANGAY,-1,-1,Kauswagan_zone,BARANGAY,-1,-1,Iponan__Zones,BARANGAY,-1,-1,Indahag_Sitio,BARANGAY,-1,-1,Gusa_Sitio,BARANGAY,-1,-1,F.S._Catanico_zone,BARANGAY,-1,-1,Dansolihon_Sitio,BARANGAY,-1,-1,Cugman_zone,BARANGAY,-1,-1,Consolacion_district,BARANGAY,-1,-1,Carmen_zone,BARANGAY,-1,-1,Canitoan_district,BARANGAY,-1,-1,Camaman-an_Sitio,BARANGAY,-1,-1,Bulua_zone,BARANGAY,-1,-1,Bugo_zone,BARANGAY,-1,-1,Bonbon_zone,BARANGAY,-1,-1,Bisigan_Sitio,BARANGAY,-1,-1,Bayanga_Sitio,BARANGAY,-1,-1,Bayabas_zone,BARANGAY,-1,-1,Baikingon_zone,BARANGAY,-1,-1;SOURCETHM "SOURCETHM" true true false 16 Text 0 0 ,First,#,Tignapoloan_Sitio,SOURCETHM,-1,-1,Tuburan_Sitio,SOURCETHM,-1,-1,Tumpagon_Sitio,SOURCETHM,-1,-1,Camaman-an_Sitio,SOURCETHM,-1,-1,Macasandig_district,SOURCETHM,-1,-1,Tagpangi_Sitio,SOURCETHM,-1,-1,Taglimao_Sitio,SOURCETHM,-1,-1,Tablon_zone,SOURCETHM,-1,-1,San_Simon_zone,SOURCETHM,-1,-1,Puntod_district,SOURCETHM,-1,-1,Puerto_purok,SOURCETHM,-1,-1,Pagatpat_zone,SOURCETHM,-1,-1,Pagalungan_Sitio,SOURCETHM,-1,-1,Nazareth_zone,SOURCETHM,-1,-1,Mambuaya_Sitio,SOURCETHM,-1,-1,Lumbia_Sitio,SOURCETHM,-1,-1,Lapasan_Sitio,SOURCETHM,-1,-1,Kauswagan_zone,SOURCETHM,-1,-1,Indahag_Sitio,SOURCETHM,-1,-1,Gusa_Sitio,SOURCETHM,-1,-1,F.S._Catanico_zone,SOURCETHM,-1,-1,Dansolihon_Sitio,SOURCETHM,-1,-1,Cugman_zone,SOURCETHM,-1,-1,Consolacion_district,SOURCETHM,-1,-1,Carmen_zone,SOURCETHM,-1,-1,Canitoan_district,SOURCETHM,-1,-1,Camaman-an_Sitio,SOURCETHM,-1,-1,Bulua_zone,SOURCETHM,-1,-1,Bugo_zone,SOURCETHM,-1,-1,Bonbon_zone,SOURCETHM,-1,-1,Bisigan_Sitio,SOURCETHM,-1,-1,Bayanga_Sitio,SOURCETHM,-1,-1,Bayabas_zone,SOURCETHM,-1,-1,Baikingon_zone,SOURCETHM,-1,-1;AREA "AREA" true true false 16 Double 3 15 ,First,#,Tignapoloan_Sitio,AREA,-1,-1,Tuburan_Sitio,AREA,-1,-1,Tumpagon_Sitio,AREA,-1,-1,1-40_barbound_lidar,AREA,-1,-1,Balulang_Sitio,AREA,-1,-1,Camaman-an_Sitio,AREA,-1,-1,Macasandig_district,AREA,-1,-1,Tagpangi_Sitio,AREA,-1,-1,Taglimao_Sitio,AREA,-1,-1,Tablon_zone,AREA,-1,-1,San_Simon_zone,AREA,-1,-1,Puntod_district,AREA,-1,-1,Puerto_purok,AREA,-1,-1,pigsag-an_zone,AREA,-1,-1,patag_zone,AREA,-1,-1,Pagatpat_zone,AREA,-1,-1,Pagalungan_Sitio,AREA,-1,-1,Nazareth_zone,AREA,-1,-1,Mambuaya_Sitio,AREA,-1,-1,Lumbia_Sitio,AREA,-1,-1,Lapasan_Sitio,AREA,-1,-1,Kauswagan_zone,AREA,-1,-1,Indahag_Sitio,AREA,-1,-1,Gusa_Sitio,AREA,-1,-1,F.S._Catanico_zone,AREA,-1,-1,Dansolihon_Sitio,AREA,-1,-1,Cugman_zone,AREA,-1,-1,Consolacion_district,AREA,-1,-1,Carmen_zone,AREA,-1,-1,Canitoan_district,AREA,-1,-1,Camaman-an_Sitio,AREA,-1,-1,Bulua_zone,AREA,-1,-1,Bugo_zone,AREA,-1,-1,Bonbon_zone,AREA,-1,-1,Bisigan_Sitio,AREA,-1,-1,Bayanga_Sitio,AREA,-1,-1,Bayabas_zone,AREA,-1,-1,Baikingon_zone,AREA,-1,-1;PERIMETER "PERIMETER" true true false 16 Double 3 15 ,First,#,Tignapoloan_Sitio,PERIMETER,-1,-1,Tuburan_Sitio,PERIMETER,-1,-1,Tumpagon_Sitio,PERIMETER,-1,-1,1-40_barbound_lidar,PERIMETER,-1,-1,Balulang_Sitio,PERIMETER,-1,-1,Camaman-an_Sitio,PERIMETER,-1,-1,Macasandig_district,PERIMETER,-1,-1,Tagpangi_Sitio,PERIMETER,-1,-1,Taglimao_Sitio,PERIMETER,-1,-1,Tablon_zone,PERIMETER,-1,-1,San_Simon_zone,PERIMETER,-1,-1,Puntod_district,PERIMETER,-1,-1,Puerto_purok,PERIMETER,-1,-1,pigsag-an_zone,PERIMETER,-1,-1,patag_zone,PERIMETER,-1,-1,Pagatpat_zone,PERIMETER,-1,-1,Pagalungan_Sitio,PERIMETER,-1,-1,Nazareth_zone,PERIMETER,-1,-1,Mambuaya_Sitio,PERIMETER,-1,-1,Lumbia_Sitio,PERIMETER,-1,-1,Lapasan_Sitio,PERIMETER,-1,-1,Kauswagan_zone,PERIMETER,-1,-1,Indahag_Sitio,PERIMETER,-1,-1,Gusa_Sitio,PERIMETER,-1,-1,F.S._Catanico_zone,PERIMETER,-1,-1,Dansolihon_Sitio,PERIMETER,-1,-1,Cugman_zone,PERIMETER,-1,-1,Consolacion_district,PERIMETER,-1,-1,Carmen_zone,PERIMETER,-1,-1,Canitoan_district,PERIMETER,-1,-1,Camaman-an_Sitio,PERIMETER,-1,-1,Bulua_zone,PERIMETER,-1,-1,Bugo_zone,PERIMETER,-1,-1,Bonbon_zone,PERIMETER,-1,-1,Bisigan_Sitio,PERIMETER,-1,-1,Bayanga_Sitio,PERIMETER,-1,-1,Bayabas_zone,PERIMETER,-1,-1,Baikingon_zone,PERIMETER,-1,-1;HECTARES "HECTARES" true true false 16 Double 3 15 ,First,#,Tignapoloan_Sitio,HECTARES,-1,-1,Tuburan_Sitio,HECTARES,-1,-1,Tumpagon_Sitio,HECTARES,-1,-1,Camaman-an_Sitio,HECTARES,-1,-1,Macasandig_district,HECTARES,-1,-1,Tagpangi_Sitio,HECTARES,-1,-1,Taglimao_Sitio,HECTARES,-1,-1,Tablon_zone,HECTARES,-1,-1,San_Simon_zone,HECTARES,-1,-1,Puntod_district,HECTARES,-1,-1,Puerto_purok,HECTARES,-1,-1,Pagatpat_zone,HECTARES,-1,-1,Pagalungan_Sitio,HECTARES,-1,-1,Nazareth_zone,HECTARES,-1,-1,Mambuaya_Sitio,HECTARES,-1,-1,Lumbia_Sitio,HECTARES,-1,-1,Lapasan_Sitio,HECTARES,-1,-1,Kauswagan_zone,HECTARES,-1,-1,Indahag_Sitio,HECTARES,-1,-1,Gusa_Sitio,HECTARES,-1,-1,F.S._Catanico_zone,HECTARES,-1,-1,Dansolihon_Sitio,HECTARES,-1,-1,Cugman_zone,HECTARES,-1,-1,Consolacion_district,HECTARES,-1,-1,Carmen_zone,HECTARES,-1,-1,Canitoan_district,HECTARES,-1,-1,Camaman-an_Sitio,HECTARES,-1,-1,Bulua_zone,HECTARES,-1,-1,Bugo_zone,HECTARES,-1,-1,Bonbon_zone,HECTARES,-1,-1,Bisigan_Sitio,HECTARES,-1,-1,Bayanga_Sitio,HECTARES,-1,-1,Bayabas_zone,HECTARES,-1,-1,Baikingon_zone,HECTARES,-1,-1;Bar_Type "Bar_Type" true true false 50 Text 0 0 ,First,#,1-40_barbound_lidar,Bar_Type,-1,-1,Balulang_Sitio,Bar_Type,-1,-1,pigsag-an_zone,Bar_Type,-1,-1,patag_zone,Bar_Type,-1,-1;AREA_has "AREA_has" true true false 19 Double 0 0 ,First,#,1-40_barbound_lidar,AREA_has,-1,-1,Balulang_Sitio,AREA_has,-1,-1,pigsag-an_zone,AREA_has,-1,-1,patag_zone,AREA_has,-1,-1;Pop2010 "Pop2010" true true false 19 Double 0 0 ,First,#,1-40_barbound_lidar,Pop2010,-1,-1,Balulang_Sitio,Pop2010,-1,-1,pigsag-an_zone,Pop2010,-1,-1,patag_zone,Pop2010,-1,-1;color_code "color_code" true true false 10 Text 0 0 ,First,#,1-40_barbound_lidar,color_code,-1,-1,Balulang_Sitio,color_code,-1,-1,pigsag-an_zone,color_code,-1,-1,patag_zone,color_code,-1,-1;Id "Id" true true false 6 Long 0 6 ,First,#,Macabalan_sitio,Id,-1,-1,Balubal_Sitio,Id,-1,-1,Agusan_Sitio,Id,-1,-1"</Process><Process ToolSource="c:\program files (x86)\arcgis\desktop10.4\ArcToolbox\Toolboxes\Data Management Tools.tbx\CalculateField" Date="20200904" Time="073247">CalculateField CDO_Zone_sitios_prs Id "[FID] +1" VB #</Process><Process ToolSource="c:\program files (x86)\arcgis\desktop10.4\ArcToolbox\Toolboxes\Data Management Tools.tbx\CalculateField" Date="20200904" Time="074744">CalculateField CDO_Zone_sitios_prs BARANGAY "MACABALAN" VB #</Process><Process ToolSource="c:\program files (x86)\arcgis\desktop10.4\ArcToolbox\Toolboxes\Data Management Tools.tbx\CalculateField" Date="20200904" Time="074829">CalculateField CDO_Zone_sitios_prs BARANGAY "BALULANG" VB #</Process><Process ToolSource="c:\program files (x86)\arcgis\desktop10.4\ArcToolbox\Toolboxes\Data Management Tools.tbx\CalculateField" Date="20200904" Time="074924">CalculateField CDO_Zone_sitios_prs BARANGAY "BALUBAL" VB #</Process><Process ToolSource="c:\program files (x86)\arcgis\desktop10.4\ArcToolbox\Toolboxes\Data Management Tools.tbx\CalculateField" Date="20200904" Time="075136">CalculateField CDO_Zone_sitios_prs BARANGAY "AGUSAN" VB #</Process><Process ToolSource="c:\program files (x86)\arcgis\desktop10.4\ArcToolbox\Toolboxes\Data Management Tools.tbx\CalculateField" Date="20200904" Time="150010">CalculateField CDO_Zone_sitios_prs bldg_bar 5093 VB #</Process><Process ToolSource="c:\program files (x86)\arcgis\desktop10.4\ArcToolbox\Toolboxes\Data Management Tools.tbx\CalculateField" Date="20200904" Time="150639">CalculateField CDO_Zone_sitios_prs Zon_Pop20 0 VB #</Process><Process ToolSource="c:\program files (x86)\arcgis\desktop10.4\ArcToolbox\Toolboxes\Data Management Tools.tbx\CalculateField" Date="20200904" Time="151130">CalculateField CDO_Zone_sitios_prs Zon_Pop20 "[Bar_Pop20] * [no_bldg]" VB #</Process><Process ToolSource="c:\program files (x86)\arcgis\desktop10.4\ArcToolbox\Toolboxes\Data Management Tools.tbx\CalculateField" Date="20200904" Time="151329">CalculateField CDO_Zone_sitios_prs bar_bldg [bldg_bar] VB #</Process><Process ToolSource="c:\program files (x86)\arcgis\desktop10.4\ArcToolbox\Toolboxes\Data Management Tools.tbx\CalculateField" Date="20200904" Time="151456">CalculateField CDO_Zone_sitios_prs Zon_Pop20 0 VB #</Process><Process ToolSource="c:\program files (x86)\arcgis\desktop10.4\ArcToolbox\Toolboxes\Data Management Tools.tbx\CalculateField" Date="20200904" Time="151607">CalculateField CDO_Zone_sitios_prs Zon_Pop20 "[Bar_Pop20] * [no_bldg]" VB #</Process><Process ToolSource="c:\program files (x86)\arcgis\desktop10.4\ArcToolbox\Toolboxes\Data Management Tools.tbx\CalculateField" Date="20200904" Time="151820">CalculateField CDO_Zone_sitios_prs Zon_Pop20 "[Zon_Pop20] / [bar_bldg]" VB #</Process><Process ToolSource="c:\program files (x86)\arcgis\desktop10.4\ArcToolbox\Toolboxes\Data Management Tools.tbx\CalculateField" Date="20200904" Time="151952">CalculateField CDO_Zone_sitios_prs Zon_Pop20 "[Zon_Pop20] / [bar_bldg]" VB #</Process><Process ToolSource="c:\program files (x86)\arcgis\desktop10.4\ArcToolbox\Toolboxes\Data Management Tools.tbx\CalculateField" Date="20200904" Time="152117">CalculateField CDO_Zone_sitios_prs Zon_Pop20 "[Zon_Pop20] / [bar_bldg]" VB #</Process><Process ToolSource="c:\program files (x86)\arcgis\desktop10.4\ArcToolbox\Toolboxes\Data Management Tools.tbx\CalculateField" Date="20200906" Time="084729">CalculateField CDO_Zone_sitios_prs Zon_Pop20 [Bar_Pop20] VB #</Process><Process Name="Spatial Join" ToolSource="c:\program files (x86)\arcgis\desktop10.4\ArcToolbox\Toolboxes\Analysis Tools.tbx\SpatialJoin" Date="20201016" Time="084419">SpatialJoin CDO_Zone_sitios_Pop20_prs CDO_Barangay_PSGC_boundary_prs "D:\NRCP GIS-DSS TRAINING\Project Data\Shapefiles prs92\CDO_Zone_sitios_PSGC_Pop20_prs.shp" JOIN_ONE_TO_ONE KEEP_ALL "ZONE_SITIO "ZONE_SITIO" true true false 60 Text 0 0 ,First,#,CDO_Zone_sitios_Pop20_prs,ZONE_SITIO,-1,-1;BARANGAY "BARANGAY" true true false 30 Text 0 0 ,First,#,CDO_Zone_sitios_Pop20_prs,BARANGAY,-1,-1;AREA_has "AREA_has" true true false 19 Double 0 0 ,First,#,CDO_Zone_sitios_Pop20_prs,AREA_has,-1,-1;Id "Id" true true false 10 Long 0 10 ,First,#,CDO_Zone_sitios_Pop20_prs,Id,-1,-1;Bar_Pop20 "Bar_Pop20" true true false 19 Double 0 0 ,First,#,CDO_Zone_sitios_Pop20_prs,Bar_Pop20,-1,-1;Zon_Pop20 "Zon_Pop20" true true false 19 Double 0 0 ,First,#,CDO_Zone_sitios_Pop20_prs,Zon_Pop20,-1,-1;no_bldg "no_bldg" true true false 10 Long 0 10 ,First,#,CDO_Zone_sitios_Pop20_prs,no_bldg,-1,-1;bar_bldg "bar_bldg" true true false 19 Double 0 0 ,First,#,CDO_Zone_sitios_Pop20_prs,bar_bldg,-1,-1;Area_Bar "Area_Bar" true true false 19 Double 0 0 ,First,#,CDO_Barangay_PSGC_boundary_prs,Area_Bar,-1,-1;Pop2020 "Pop2020" true true false 19 Double 0 0 ,First,#,CDO_Barangay_PSGC_boundary_prs,Pop2020,-1,-1;Popden2020 "Popden2020" true true false 19 Double 0 0 ,First,#,CDO_Barangay_PSGC_boundary_prs,Popden2020,-1,-1;BARANGAY_1 "BARANGAY_1" true true false 50 Text 0 0 ,First,#,CDO_Barangay_PSGC_boundary_prs,BARANGAY,-1,-1;PSGC_ID "PSGC_ID" true true false 10 Long 0 10 ,First,#,CDO_Barangay_PSGC_boundary_prs,PSGC_ID,-1,-1" HAVE_THEIR_CENTER_IN # #</Process><Process ToolSource="c:\program files (x86)\arcgis\desktop10.4\ArcToolbox\Toolboxes\Data Management Tools.tbx\CalculateField" Date="20201016" Time="090145">CalculateField CDO_Zone_sitios_PSGC_Pop20_prs PSGC_ZoID "[PSGC_ID] &amp;"-"&amp; [Id]" VB #</Process></lineage><coordRef><type Sync="TRUE">Geographic</type><geogcsn Sync="TRUE">GCS_WGS_1984</geogcsn><csUnits Sync="TRUE">Angular Unit: Degree (0.017453)</csUnits><peXml Sync="TRUE">&lt;GeographicCoordinateSystem xsi:type='typens:GeographicCoordinateSystem' xmlns:xsi='http://www.w3.org/2001/XMLSchema-instance' xmlns:xs='http://www.w3.org/2001/XMLSchema' xmlns:typens='http://www.esri.com/schemas/ArcGIS/10.4'&gt;&lt;WKT&gt;GEOGCS[&amp;quot;GCS_WGS_1984&amp;quot;,DATUM[&amp;quot;D_WGS_1984&amp;quot;,SPHEROID[&amp;quot;WGS_1984&amp;quot;,6378137.0,298.257223563]],PRIMEM[&amp;quot;Greenwich&amp;quot;,0.0],UNIT[&amp;quot;Degree&amp;quot;,0.0174532925199433],AUTHORITY[&amp;quot;EPSG&amp;quot;,4326]]&lt;/WKT&gt;&lt;XOrigin&gt;-400&lt;/XOrigin&gt;&lt;YOrigin&gt;-400&lt;/YOrigin&gt;&lt;XYScale&gt;1111948722.2222221&lt;/XYScale&gt;&lt;ZOrigin&gt;-100000&lt;/ZOrigin&gt;&lt;ZScale&gt;10000&lt;/ZScale&gt;&lt;MOrigin&gt;-100000&lt;/MOrigin&gt;&lt;MScale&gt;10000&lt;/MScale&gt;&lt;XYTolerance&gt;8.983152841195215e-009&lt;/XYTolerance&gt;&lt;ZTolerance&gt;0.001&lt;/ZTolerance&gt;&lt;MTolerance&gt;0.001&lt;/MTolerance&gt;&lt;HighPrecision&gt;true&lt;/HighPrecision&gt;&lt;LeftLongitude&gt;-180&lt;/LeftLongitude&gt;&lt;WKID&gt;4326&lt;/WKID&gt;&lt;LatestWKID&gt;4326&lt;/LatestWKID&gt;&lt;/GeographicCoordinateSystem&gt;</peXml></coordRef></DataProperties><SyncDate>20210216</SyncDate><SyncTime>16185200</SyncTime><ModDate>20210216</ModDate><ModTime>16185200</ModTime></Esri><dataIdInfo><envirDesc Sync="TRUE"> Version 6.2 (Build 9200) ; Esri ArcGIS 10.4.0.5524</envirDesc><dataLang><languageCode value="eng" Sync="TRUE"></languageCode><countryCode value="USA" Sync="TRUE"></countryCode></dataLang><idCitation><resTitle Sync="TRUE">CDO_Zone_sitios_pop2020_wgs_1</resTitle><presForm><PresFormCd value="005" Sync="TRUE"></PresFormCd></presForm></idCitation><spatRpType><SpatRepTypCd value="001" Sync="TRUE"></SpatRepTypCd></spatRpType></dataIdInfo><mdLang><languageCode value="eng" Sync="TRUE"></languageCode><countryCode value="USA" Sync="TRUE"></countryCode></mdLang><mdChar><CharSetCd value="004" Sync="TRUE"></CharSetCd></mdChar><distInfo><distFormat><formatName Sync="TRUE">File Geodatabase Feature Class</formatName></distFormat><distTranOps><transSize Sync="TRUE">0.000</transSize></distTranOps></distInfo><mdHrLv><ScopeCd value="005" Sync="TRUE"></ScopeCd></mdHrLv><mdHrLvName Sync="TRUE">dataset</mdHrLvName><spatRepInfo><VectSpatRep><geometObjs Name="CDO_Zone_sitios_pop2020_wgs_1"><geoObjTyp><GeoObjTypCd value="002" Sync="TRUE"></GeoObjTypCd></geoObjTyp><geoObjCnt Sync="TRUE">0</geoObjCnt></geometObjs><topLvl><TopoLevCd value="001" Sync="TRUE"></TopoLevCd></topLvl></VectSpatRep></spatRepInfo><spdoinfo><ptvctinf><esriterm Name="CDO_Zone_sitios_pop2020_wgs_1"><efeatyp Sync="TRUE">Simple</efeatyp><efeageom code="4" Sync="TRUE"></efeageom><esritopo Sync="TRUE">FALSE</esritopo><efeacnt Sync="TRUE">0</efeacnt><spindex Sync="TRUE">TRUE</spindex><linrefer Sync="TRUE">FALSE</linrefer></esriterm></ptvctinf></spdoinfo><eainfo><detailed Name="CDO_Zone_sitios_pop2020_wgs_1"><enttyp><enttypl Sync="TRUE">CDO_Zone_sitios_pop2020_wgs_1</enttypl><enttypt Sync="TRUE">Feature Class</enttypt><enttypc Sync="TRUE">0</enttypc></enttyp><attr><attrlabl Sync="TRUE">OBJECTID_1</attrlabl><attalias Sync="TRUE">FID</attalias><attrtype Sync="TRUE">OID</attrtype><attwidth Sync="TRUE">4</attwidth><atprecis Sync="TRUE">0</atprecis><attscale Sync="TRUE">0</attscale><attrdef Sync="TRUE">Internal feature number.</attrdef><attrdefs Sync="TRUE">Esri</attrdefs><attrdomv><udom Sync="TRUE">Sequential unique whole numbers that are automatically generated.</udom></attrdomv></attr><attr><attrlabl Sync="TRUE">OBJECTID</attrlabl><attalias Sync="TRUE">OBJECTID</attalias><attrtype Sync="TRUE">Integer</attrtype><attwidth Sync="TRUE">4</attwidth><atprecis Sync="TRUE">0</atprecis><attscale Sync="TRUE">0</attscale><attrdef Sync="TRUE">Internal feature number.</attrdef><attrdefs Sync="TRUE">Esri</attrdefs><attrdomv><udom Sync="TRUE">Sequential unique whole numbers that are automatically generated.</udom></attrdomv></attr><attr><attrlabl Sync="TRUE">Shape</attrlabl><attalias Sync="TRUE">Shape</attalias><attrtype Sync="TRUE">Geometry</attrtype><attwidth Sync="TRUE">0</attwidth><atprecis Sync="TRUE">0</atprecis><attscale Sync="TRUE">0</attscale><attrdef Sync="TRUE">Feature geometry.</attrdef><attrdefs Sync="TRUE">Esri</attrdefs><attrdomv><udom Sync="TRUE">Coordinates defining the features.</udom></attrdomv></attr><attr><attrlabl Sync="TRUE">ZONE_SITIO</attrlabl><attalias Sync="TRUE">ZONE_SITIO</attalias><attrtype Sync="TRUE">String</attrtype><attwidth Sync="TRUE">60</attwidth><atprecis Sync="TRUE">0</atprecis><attscale Sync="TRUE">0</attscale></attr><attr><attrlabl Sync="TRUE">BARANGAY</attrlabl><attalias Sync="TRUE">BARANGAY</attalias><attrtype Sync="TRUE">String</attrtype><attwidth Sync="TRUE">30</attwidth><atprecis Sync="TRUE">0</atprecis><attscale Sync="TRUE">0</attscale></attr><attr><attrlabl Sync="TRUE">Shape_Leng</attrlabl><attalias Sync="TRUE">Shape_Leng</attalias><attrtype Sync="TRUE">Double</attrtype><attwidth Sync="TRUE">8</attwidth><atprecis Sync="TRUE">0</atprecis><attscale Sync="TRUE">0</attscale></attr><attr><attrlabl Sync="TRUE">AreaSQM</attrlabl><attalias Sync="TRUE">AreaSQM</attalias><attrtype Sync="TRUE">Double</attrtype><attwidth Sync="TRUE">8</attwidth><atprecis Sync="TRUE">0</atprecis><attscale Sync="TRUE">0</attscale></attr><attr><attrlabl Sync="TRUE">Shape_Length</attrlabl><attalias Sync="TRUE">Shape_Length</attalias><attrtype Sync="TRUE">Double</attrtype><attwidth Sync="TRUE">8</attwidth><atprecis Sync="TRUE">0</atprecis><attscale Sync="TRUE">0</attscale><attrdef Sync="TRUE">Length of feature in internal units.</attrdef><attrdefs Sync="TRUE">Esri</attrdefs><attrdomv><udom Sync="TRUE">Positive real numbers that are automatically generated.</udom></attrdomv></attr><attr><attrlabl Sync="TRUE">Shape_Area</attrlabl><attalias Sync="TRUE">Shape_Area</attalias><attrtype Sync="TRUE">Double</attrtype><attwidth Sync="TRUE">8</attwidth><atprecis Sync="TRUE">0</atprecis><attscale Sync="TRUE">0</attscale><attrdef Sync="TRUE">Area of feature in internal units squared.</attrdef><attrdefs Sync="TRUE">Esri</attrdefs><attrdomv><udom Sync="TRUE">Positive real numbers that are automatically generated.</udom></attrdomv></attr></detailed></eainfo><mdDateSt Sync="TRUE">20210216</mdDateSt><refSysInfo><RefSystem><refSysID><identCode code="4326" Sync="TRUE"></identCode><idCodeSpace Sync="TRUE">EPSG</idCodeSpace><idVersion Sync="TRUE">6.14(3.0.1)</idVersion></refSysID></RefSystem></refSysInfo></metadata>
